<?xml version="1.0" encoding="UTF-8"?><idempiere Name="AD_Package_Exp" Version="1.0.0" idempiereVersion="3.1.0.qualifier" DataBaseVersion="2015-10-31" Description="" Author="SuperUser" AuthorEmail="superuser @ idempiere.com" CreatedDate="Mon Jan 20 00:34:48 VET 2020" UpdatedDate="Mon Jan 20 00:34:48 VET 2020" PackOutVersion="100" UpdateDictionary="true" Client="0-SYSTEM-System" AD_Client_UU="11237b53-9592-4af1-b3c5-afd216514b5d">
    <AD_Package_Exp type="table">
        <AD_Client_ID>0</AD_Client_ID>
        <AD_Org_ID>0</AD_Org_ID>
        <AD_Package_Type>X</AD_Package_Type>
        <EMail>jcolmenarez@frontuari.net</EMail>
        <Instructions/>
        <Name>Modulo Consignación</Name>
        <Processed>N</Processed>
        <ReleaseNo/>
        <Version/>
        <UserName/>
        <Processing>N</Processing>
        <PK_Version>1.0.0</PK_Version>
        <IsActive>Y</IsActive>
        <File_Directory/>
        <Description/>
        <AD_Package_Exp_UU>63c4370b-b6fb-47e1-9994-cfed8b0feca3</AD_Package_Exp_UU>
        <DateFrom>2020-01-01 00:00:00.0</DateFrom>
        <IsExportDictionaryEntity>N</IsExportDictionaryEntity>
        <AD_Package_Exp_Detail type="table">
            <AD_Client_ID>0</AD_Client_ID>
            <AD_Org_ID>0</AD_Org_ID>
            <AD_Form_ID reference="id"/>
            <AD_ImpFormat_ID reference="id"/>
            <AD_Menu_ID reference="id"/>
            <AD_Process_ID reference="id"/>
            <AD_Role_ID reference="id">0</AD_Role_ID>
            <AD_Window_ID reference="id"/>
            <AD_Workflow_ID reference="id"/>
            <IsActive>Y</IsActive>
            <File_Directory/>
            <FileName/>
            <Destination_FileName/>
            <Destination_Directory/>
            <Description/>
            <DBType>ALL</DBType>
            <Type>V</Type>
            <Target_Directory/>
            <SQLStatement/>
            <ReleaseNo/>
            <Processing>N</Processing>
            <Processed>N</Processed>
            <Name2/>
            <Line>230</Line>
            <AD_Workbench_ID reference="id"/>
            <AD_Table_ID reference="id"/>
            <AD_ReportView_ID reference="id"/>
            <AD_Package_Exp_ID reference="uuid" reference-key="AD_Package_Exp">63c4370b-b6fb-47e1-9994-cfed8b0feca3</AD_Package_Exp_ID>
            <AD_Package_Code_New/>
            <AD_Package_Code_Old/>
            <AD_Val_Rule_ID reference="uuid" reference-key="AD_Val_Rule">134d7422-ea25-4b1e-9e70-98d3e4f11c71</AD_Val_Rule_ID>
            <AD_Message_ID reference="id"/>
            <AD_PrintFormat_ID reference="id"/>
            <AD_Reference_ID reference="id"/>
            <AD_ModelValidator_ID reference="id"/>
            <AD_EntityType_ID reference="id"/>
            <AD_Package_Exp_Detail_UU>7a97af7f-082a-4992-a13f-64d59e5ef3cd</AD_Package_Exp_Detail_UU>
        </AD_Package_Exp_Detail>
        <AD_Package_Exp_Detail type="table">
            <AD_Client_ID>0</AD_Client_ID>
            <AD_Org_ID>0</AD_Org_ID>
            <AD_Form_ID reference="id"/>
            <AD_ImpFormat_ID reference="id"/>
            <AD_Menu_ID reference="id"/>
            <AD_Process_ID reference="id"/>
            <AD_Role_ID reference="id">0</AD_Role_ID>
            <AD_Window_ID reference="id"/>
            <AD_Workflow_ID reference="id"/>
            <IsActive>Y</IsActive>
            <File_Directory/>
            <FileName/>
            <Destination_FileName/>
            <Destination_Directory/>
            <Description/>
            <DBType>ALL</DBType>
            <Type>ET</Type>
            <Target_Directory/>
            <SQLStatement/>
            <ReleaseNo/>
            <Processing>N</Processing>
            <Processed>N</Processed>
            <Name2/>
            <Line>10</Line>
            <AD_Workbench_ID reference="id"/>
            <AD_Table_ID reference="id"/>
            <AD_ReportView_ID reference="id"/>
            <AD_Package_Exp_ID reference="uuid" reference-key="AD_Package_Exp">63c4370b-b6fb-47e1-9994-cfed8b0feca3</AD_Package_Exp_ID>
            <AD_Package_Code_New/>
            <AD_Package_Code_Old/>
            <AD_Val_Rule_ID reference="id"/>
            <AD_Message_ID reference="id"/>
            <AD_PrintFormat_ID reference="id"/>
            <AD_Reference_ID reference="id"/>
            <AD_ModelValidator_ID reference="id"/>
            <AD_EntityType_ID reference="uuid" reference-key="AD_EntityType">fd4b558e-cb18-4baa-9910-2aed6e7cbb66</AD_EntityType_ID>
            <AD_Package_Exp_Detail_UU>6ca23b80-654c-4192-a0a5-38569bc59a06</AD_Package_Exp_Detail_UU>
        </AD_Package_Exp_Detail>
        <AD_Package_Exp_Detail type="table">
            <AD_Client_ID>0</AD_Client_ID>
            <AD_Org_ID>0</AD_Org_ID>
            <AD_Form_ID reference="id"/>
            <AD_ImpFormat_ID reference="id"/>
            <AD_Menu_ID reference="id">149</AD_Menu_ID>
            <AD_Process_ID reference="id"/>
            <AD_Role_ID reference="id">0</AD_Role_ID>
            <AD_Window_ID reference="id"/>
            <AD_Workflow_ID reference="id"/>
            <IsActive>Y</IsActive>
            <File_Directory/>
            <FileName/>
            <Destination_FileName/>
            <Destination_Directory/>
            <Description/>
            <DBType>ALL</DBType>
            <Type>M</Type>
            <Target_Directory/>
            <SQLStatement/>
            <ReleaseNo/>
            <Processing>N</Processing>
            <Processed>N</Processed>
            <Name2/>
            <Line>20</Line>
            <AD_Workbench_ID reference="id"/>
            <AD_Table_ID reference="id"/>
            <AD_ReportView_ID reference="id"/>
            <AD_Package_Exp_ID reference="uuid" reference-key="AD_Package_Exp">63c4370b-b6fb-47e1-9994-cfed8b0feca3</AD_Package_Exp_ID>
            <AD_Package_Code_New/>
            <AD_Package_Code_Old/>
            <AD_Val_Rule_ID reference="id"/>
            <AD_Message_ID reference="id"/>
            <AD_PrintFormat_ID reference="id"/>
            <AD_Reference_ID reference="id"/>
            <AD_ModelValidator_ID reference="id"/>
            <AD_EntityType_ID reference="id"/>
            <AD_Package_Exp_Detail_UU>545004d0-eb1d-443a-98c9-275391412464</AD_Package_Exp_Detail_UU>
        </AD_Package_Exp_Detail>
        <AD_Package_Exp_Detail type="table">
            <AD_Client_ID>0</AD_Client_ID>
            <AD_Org_ID>0</AD_Org_ID>
            <AD_Form_ID reference="id"/>
            <AD_ImpFormat_ID reference="id"/>
            <AD_Menu_ID reference="uuid" reference-key="AD_Menu">b2bc4b9d-4f2f-4dbe-bed7-76e09bded564</AD_Menu_ID>
            <AD_Process_ID reference="id"/>
            <AD_Role_ID reference="id">0</AD_Role_ID>
            <AD_Window_ID reference="id"/>
            <AD_Workflow_ID reference="id"/>
            <IsActive>Y</IsActive>
            <File_Directory/>
            <FileName/>
            <Destination_FileName/>
            <Destination_Directory/>
            <Description/>
            <DBType>ALL</DBType>
            <Type>M</Type>
            <Target_Directory/>
            <SQLStatement/>
            <ReleaseNo/>
            <Processing>N</Processing>
            <Processed>N</Processed>
            <Name2/>
            <Line>240</Line>
            <AD_Workbench_ID reference="id"/>
            <AD_Table_ID reference="id"/>
            <AD_ReportView_ID reference="id"/>
            <AD_Package_Exp_ID reference="uuid" reference-key="AD_Package_Exp">63c4370b-b6fb-47e1-9994-cfed8b0feca3</AD_Package_Exp_ID>
            <AD_Package_Code_New/>
            <AD_Package_Code_Old/>
            <AD_Val_Rule_ID reference="id"/>
            <AD_Message_ID reference="id"/>
            <AD_PrintFormat_ID reference="id"/>
            <AD_Reference_ID reference="id"/>
            <AD_ModelValidator_ID reference="id"/>
            <AD_EntityType_ID reference="id"/>
            <AD_Package_Exp_Detail_UU>91b3b971-f31d-46b5-9366-ccecb8223311</AD_Package_Exp_Detail_UU>
        </AD_Package_Exp_Detail>
        <AD_Package_Exp_Detail type="table">
            <AD_Client_ID>0</AD_Client_ID>
            <AD_Org_ID>0</AD_Org_ID>
            <AD_Form_ID reference="id"/>
            <AD_ImpFormat_ID reference="id"/>
            <AD_Menu_ID reference="id">121</AD_Menu_ID>
            <AD_Process_ID reference="id"/>
            <AD_Role_ID reference="id">0</AD_Role_ID>
            <AD_Window_ID reference="id"/>
            <AD_Workflow_ID reference="id"/>
            <IsActive>Y</IsActive>
            <File_Directory/>
            <FileName/>
            <Destination_FileName/>
            <Destination_Directory/>
            <Description/>
            <DBType>ALL</DBType>
            <Type>M</Type>
            <Target_Directory/>
            <SQLStatement/>
            <ReleaseNo/>
            <Processing>N</Processing>
            <Processed>N</Processed>
            <Name2/>
            <Line>30</Line>
            <AD_Workbench_ID reference="id"/>
            <AD_Table_ID reference="id"/>
            <AD_ReportView_ID reference="id"/>
            <AD_Package_Exp_ID reference="uuid" reference-key="AD_Package_Exp">63c4370b-b6fb-47e1-9994-cfed8b0feca3</AD_Package_Exp_ID>
            <AD_Package_Code_New/>
            <AD_Package_Code_Old/>
            <AD_Val_Rule_ID reference="id"/>
            <AD_Message_ID reference="id"/>
            <AD_PrintFormat_ID reference="id"/>
            <AD_Reference_ID reference="id"/>
            <AD_ModelValidator_ID reference="id"/>
            <AD_EntityType_ID reference="id"/>
            <AD_Package_Exp_Detail_UU>ce0cfe8f-c45a-4780-a4dd-7be772535376</AD_Package_Exp_Detail_UU>
        </AD_Package_Exp_Detail>
        <AD_Package_Exp_Detail type="table">
            <AD_Client_ID>0</AD_Client_ID>
            <AD_Org_ID>0</AD_Org_ID>
            <AD_Form_ID reference="uuid" reference-key="AD_Form">b76fd6cf-072d-4bc1-98bf-bc70c0dcbd19</AD_Form_ID>
            <AD_ImpFormat_ID reference="id"/>
            <AD_Menu_ID reference="id"/>
            <AD_Process_ID reference="id"/>
            <AD_Role_ID reference="id">0</AD_Role_ID>
            <AD_Window_ID reference="id"/>
            <AD_Workflow_ID reference="id"/>
            <IsActive>Y</IsActive>
            <File_Directory/>
            <FileName/>
            <Destination_FileName/>
            <Destination_Directory/>
            <Description/>
            <DBType>ALL</DBType>
            <Type>X</Type>
            <Target_Directory/>
            <SQLStatement/>
            <ReleaseNo/>
            <Processing>N</Processing>
            <Processed>N</Processed>
            <Name2/>
            <Line>40</Line>
            <AD_Workbench_ID reference="id"/>
            <AD_Table_ID reference="id"/>
            <AD_ReportView_ID reference="id"/>
            <AD_Package_Exp_ID reference="uuid" reference-key="AD_Package_Exp">63c4370b-b6fb-47e1-9994-cfed8b0feca3</AD_Package_Exp_ID>
            <AD_Package_Code_New/>
            <AD_Package_Code_Old/>
            <AD_Val_Rule_ID reference="id"/>
            <AD_Message_ID reference="id"/>
            <AD_PrintFormat_ID reference="id"/>
            <AD_Reference_ID reference="id"/>
            <AD_ModelValidator_ID reference="id"/>
            <AD_EntityType_ID reference="id"/>
            <AD_Package_Exp_Detail_UU>067ab0d0-4ce7-424e-a1b7-8c8079cedb89</AD_Package_Exp_Detail_UU>
        </AD_Package_Exp_Detail>
        <AD_Package_Exp_Detail type="table">
            <AD_Client_ID>0</AD_Client_ID>
            <AD_Org_ID>0</AD_Org_ID>
            <AD_Form_ID reference="uuid" reference-key="AD_Form">f7a6039e-7bc4-4ef9-8a9f-7e7c8e406da5</AD_Form_ID>
            <AD_ImpFormat_ID reference="id"/>
            <AD_Menu_ID reference="id"/>
            <AD_Process_ID reference="id"/>
            <AD_Role_ID reference="id">0</AD_Role_ID>
            <AD_Window_ID reference="id"/>
            <AD_Workflow_ID reference="id"/>
            <IsActive>Y</IsActive>
            <File_Directory/>
            <FileName/>
            <Destination_FileName/>
            <Destination_Directory/>
            <Description/>
            <DBType>ALL</DBType>
            <Type>X</Type>
            <Target_Directory/>
            <SQLStatement/>
            <ReleaseNo/>
            <Processing>N</Processing>
            <Processed>N</Processed>
            <Name2/>
            <Line>51</Line>
            <AD_Workbench_ID reference="id"/>
            <AD_Table_ID reference="id"/>
            <AD_ReportView_ID reference="id"/>
            <AD_Package_Exp_ID reference="uuid" reference-key="AD_Package_Exp">63c4370b-b6fb-47e1-9994-cfed8b0feca3</AD_Package_Exp_ID>
            <AD_Package_Code_New/>
            <AD_Package_Code_Old/>
            <AD_Val_Rule_ID reference="id"/>
            <AD_Message_ID reference="id"/>
            <AD_PrintFormat_ID reference="id"/>
            <AD_Reference_ID reference="id"/>
            <AD_ModelValidator_ID reference="id"/>
            <AD_EntityType_ID reference="id"/>
            <AD_Package_Exp_Detail_UU>0cdcf7bf-d0c1-40c4-a16d-fea380a130d3</AD_Package_Exp_Detail_UU>
        </AD_Package_Exp_Detail>
        <AD_Package_Exp_Detail type="table">
            <AD_Client_ID>0</AD_Client_ID>
            <AD_Org_ID>0</AD_Org_ID>
            <AD_Form_ID reference="id"/>
            <AD_ImpFormat_ID reference="id"/>
            <AD_Menu_ID reference="id"/>
            <AD_Process_ID reference="id"/>
            <AD_Role_ID reference="id">0</AD_Role_ID>
            <AD_Window_ID reference="id"/>
            <AD_Workflow_ID reference="id"/>
            <IsActive>Y</IsActive>
            <File_Directory/>
            <FileName/>
            <Destination_FileName/>
            <Destination_Directory/>
            <Description/>
            <DBType>ALL</DBType>
            <Type>V</Type>
            <Target_Directory/>
            <SQLStatement/>
            <ReleaseNo/>
            <Processing>N</Processing>
            <Processed>N</Processed>
            <Name2/>
            <Line>200</Line>
            <AD_Workbench_ID reference="id"/>
            <AD_Table_ID reference="id"/>
            <AD_ReportView_ID reference="id"/>
            <AD_Package_Exp_ID reference="uuid" reference-key="AD_Package_Exp">63c4370b-b6fb-47e1-9994-cfed8b0feca3</AD_Package_Exp_ID>
            <AD_Package_Code_New/>
            <AD_Package_Code_Old/>
            <AD_Val_Rule_ID reference="uuid" reference-key="AD_Val_Rule">03481bac-802f-4aae-9f76-aaddd55636f6</AD_Val_Rule_ID>
            <AD_Message_ID reference="id"/>
            <AD_PrintFormat_ID reference="id"/>
            <AD_Reference_ID reference="id"/>
            <AD_ModelValidator_ID reference="id"/>
            <AD_EntityType_ID reference="id"/>
            <AD_Package_Exp_Detail_UU>8f9a4e41-bd40-4863-8dc9-5f972011966b</AD_Package_Exp_Detail_UU>
        </AD_Package_Exp_Detail>
        <AD_Package_Exp_Detail type="table">
            <AD_Client_ID>0</AD_Client_ID>
            <AD_Org_ID>0</AD_Org_ID>
            <AD_Form_ID reference="id"/>
            <AD_ImpFormat_ID reference="id"/>
            <AD_Menu_ID reference="id"/>
            <AD_Process_ID reference="id"/>
            <AD_Role_ID reference="id">0</AD_Role_ID>
            <AD_Window_ID reference="id"/>
            <AD_Workflow_ID reference="id"/>
            <IsActive>Y</IsActive>
            <File_Directory/>
            <FileName/>
            <Destination_FileName/>
            <Destination_Directory/>
            <Description/>
            <DBType>ALL</DBType>
            <Type>V</Type>
            <Target_Directory/>
            <SQLStatement/>
            <ReleaseNo/>
            <Processing>N</Processing>
            <Processed>N</Processed>
            <Name2/>
            <Line>190</Line>
            <AD_Workbench_ID reference="id"/>
            <AD_Table_ID reference="id"/>
            <AD_ReportView_ID reference="id"/>
            <AD_Package_Exp_ID reference="uuid" reference-key="AD_Package_Exp">63c4370b-b6fb-47e1-9994-cfed8b0feca3</AD_Package_Exp_ID>
            <AD_Package_Code_New/>
            <AD_Package_Code_Old/>
            <AD_Val_Rule_ID reference="uuid" reference-key="AD_Val_Rule">d7ef7964-876d-4f18-8859-254eb10fa9dc</AD_Val_Rule_ID>
            <AD_Message_ID reference="id"/>
            <AD_PrintFormat_ID reference="id"/>
            <AD_Reference_ID reference="id"/>
            <AD_ModelValidator_ID reference="id"/>
            <AD_EntityType_ID reference="id"/>
            <AD_Package_Exp_Detail_UU>01554bff-c8e6-4e0a-8c44-ff849304b81f</AD_Package_Exp_Detail_UU>
        </AD_Package_Exp_Detail>
        <AD_Package_Exp_Detail type="table">
            <AD_Client_ID>0</AD_Client_ID>
            <AD_Org_ID>0</AD_Org_ID>
            <AD_Form_ID reference="id"/>
            <AD_ImpFormat_ID reference="id"/>
            <AD_Menu_ID reference="id"/>
            <AD_Process_ID reference="id"/>
            <AD_Role_ID reference="id">0</AD_Role_ID>
            <AD_Window_ID reference="id"/>
            <AD_Workflow_ID reference="id"/>
            <IsActive>Y</IsActive>
            <File_Directory/>
            <FileName/>
            <Destination_FileName/>
            <Destination_Directory/>
            <Description/>
            <DBType>ALL</DBType>
            <Type>V</Type>
            <Target_Directory/>
            <SQLStatement/>
            <ReleaseNo/>
            <Processing>N</Processing>
            <Processed>N</Processed>
            <Name2/>
            <Line>180</Line>
            <AD_Workbench_ID reference="id"/>
            <AD_Table_ID reference="id"/>
            <AD_ReportView_ID reference="id"/>
            <AD_Package_Exp_ID reference="uuid" reference-key="AD_Package_Exp">63c4370b-b6fb-47e1-9994-cfed8b0feca3</AD_Package_Exp_ID>
            <AD_Package_Code_New/>
            <AD_Package_Code_Old/>
            <AD_Val_Rule_ID reference="uuid" reference-key="AD_Val_Rule">3ff32146-dda9-4d59-8489-98f0efdc9f45</AD_Val_Rule_ID>
            <AD_Message_ID reference="id"/>
            <AD_PrintFormat_ID reference="id"/>
            <AD_Reference_ID reference="id"/>
            <AD_ModelValidator_ID reference="id"/>
            <AD_EntityType_ID reference="id"/>
            <AD_Package_Exp_Detail_UU>cc508db5-46b6-4669-869d-17292c1d22fe</AD_Package_Exp_Detail_UU>
        </AD_Package_Exp_Detail>
        <AD_Package_Exp_Detail type="table">
            <AD_Client_ID>0</AD_Client_ID>
            <AD_Org_ID>0</AD_Org_ID>
            <AD_Form_ID reference="id"/>
            <AD_ImpFormat_ID reference="id"/>
            <AD_Menu_ID reference="id"/>
            <AD_Process_ID reference="id"/>
            <AD_Role_ID reference="id">0</AD_Role_ID>
            <AD_Window_ID reference="id"/>
            <AD_Workflow_ID reference="id"/>
            <IsActive>Y</IsActive>
            <File_Directory/>
            <FileName/>
            <Destination_FileName/>
            <Destination_Directory/>
            <Description/>
            <DBType>ALL</DBType>
            <Type>V</Type>
            <Target_Directory/>
            <SQLStatement/>
            <ReleaseNo/>
            <Processing>N</Processing>
            <Processed>N</Processed>
            <Name2/>
            <Line>170</Line>
            <AD_Workbench_ID reference="id"/>
            <AD_Table_ID reference="id"/>
            <AD_ReportView_ID reference="id"/>
            <AD_Package_Exp_ID reference="uuid" reference-key="AD_Package_Exp">63c4370b-b6fb-47e1-9994-cfed8b0feca3</AD_Package_Exp_ID>
            <AD_Package_Code_New/>
            <AD_Package_Code_Old/>
            <AD_Val_Rule_ID reference="uuid" reference-key="AD_Val_Rule">d20ec452-9c51-4f81-838c-1eb4e5c0764e</AD_Val_Rule_ID>
            <AD_Message_ID reference="id"/>
            <AD_PrintFormat_ID reference="id"/>
            <AD_Reference_ID reference="id"/>
            <AD_ModelValidator_ID reference="id"/>
            <AD_EntityType_ID reference="id"/>
            <AD_Package_Exp_Detail_UU>53f2686d-28e4-4a11-8896-c6020a4283a4</AD_Package_Exp_Detail_UU>
        </AD_Package_Exp_Detail>
        <AD_Package_Exp_Detail type="table">
            <AD_Client_ID>0</AD_Client_ID>
            <AD_Org_ID>0</AD_Org_ID>
            <AD_Form_ID reference="id"/>
            <AD_ImpFormat_ID reference="id"/>
            <AD_Menu_ID reference="id"/>
            <AD_Process_ID reference="id"/>
            <AD_Role_ID reference="id">0</AD_Role_ID>
            <AD_Window_ID reference="id"/>
            <AD_Workflow_ID reference="id"/>
            <IsActive>Y</IsActive>
            <File_Directory/>
            <FileName/>
            <Destination_FileName/>
            <Destination_Directory/>
            <Description/>
            <DBType>ALL</DBType>
            <Type>V</Type>
            <Target_Directory/>
            <SQLStatement/>
            <ReleaseNo/>
            <Processing>N</Processing>
            <Processed>N</Processed>
            <Name2/>
            <Line>160</Line>
            <AD_Workbench_ID reference="id"/>
            <AD_Table_ID reference="id"/>
            <AD_ReportView_ID reference="id"/>
            <AD_Package_Exp_ID reference="uuid" reference-key="AD_Package_Exp">63c4370b-b6fb-47e1-9994-cfed8b0feca3</AD_Package_Exp_ID>
            <AD_Package_Code_New/>
            <AD_Package_Code_Old/>
            <AD_Val_Rule_ID reference="uuid" reference-key="AD_Val_Rule">ed4958d4-18fc-472b-8739-dcf574989895</AD_Val_Rule_ID>
            <AD_Message_ID reference="id"/>
            <AD_PrintFormat_ID reference="id"/>
            <AD_Reference_ID reference="id"/>
            <AD_ModelValidator_ID reference="id"/>
            <AD_EntityType_ID reference="id"/>
            <AD_Package_Exp_Detail_UU>02c8f282-7381-4238-9e41-d5e6c207913c</AD_Package_Exp_Detail_UU>
        </AD_Package_Exp_Detail>
        <AD_Package_Exp_Detail type="table">
            <AD_Client_ID>0</AD_Client_ID>
            <AD_Org_ID>0</AD_Org_ID>
            <AD_Form_ID reference="id"/>
            <AD_ImpFormat_ID reference="id"/>
            <AD_Menu_ID reference="id"/>
            <AD_Process_ID reference="id"/>
            <AD_Role_ID reference="id">0</AD_Role_ID>
            <AD_Window_ID reference="id"/>
            <AD_Workflow_ID reference="id"/>
            <IsActive>Y</IsActive>
            <File_Directory/>
            <FileName/>
            <Destination_FileName/>
            <Destination_Directory/>
            <Description/>
            <DBType>ALL</DBType>
            <Type>V</Type>
            <Target_Directory/>
            <SQLStatement/>
            <ReleaseNo/>
            <Processing>N</Processing>
            <Processed>N</Processed>
            <Name2/>
            <Line>150</Line>
            <AD_Workbench_ID reference="id"/>
            <AD_Table_ID reference="id"/>
            <AD_ReportView_ID reference="id"/>
            <AD_Package_Exp_ID reference="uuid" reference-key="AD_Package_Exp">63c4370b-b6fb-47e1-9994-cfed8b0feca3</AD_Package_Exp_ID>
            <AD_Package_Code_New/>
            <AD_Package_Code_Old/>
            <AD_Val_Rule_ID reference="uuid" reference-key="AD_Val_Rule">2eeb7cd6-aced-42cb-84e3-3e164567573b</AD_Val_Rule_ID>
            <AD_Message_ID reference="id"/>
            <AD_PrintFormat_ID reference="id"/>
            <AD_Reference_ID reference="id"/>
            <AD_ModelValidator_ID reference="id"/>
            <AD_EntityType_ID reference="id"/>
            <AD_Package_Exp_Detail_UU>609fe7be-34f4-46ca-92c4-ee512cc671b9</AD_Package_Exp_Detail_UU>
        </AD_Package_Exp_Detail>
        <AD_Package_Exp_Detail type="table">
            <AD_Client_ID>0</AD_Client_ID>
            <AD_Org_ID>0</AD_Org_ID>
            <AD_Form_ID reference="id"/>
            <AD_ImpFormat_ID reference="id"/>
            <AD_Menu_ID reference="id"/>
            <AD_Process_ID reference="id"/>
            <AD_Role_ID reference="id">0</AD_Role_ID>
            <AD_Window_ID reference="id"/>
            <AD_Workflow_ID reference="id"/>
            <IsActive>Y</IsActive>
            <File_Directory/>
            <FileName/>
            <Destination_FileName/>
            <Destination_Directory/>
            <Description/>
            <DBType>ALL</DBType>
            <Type>V</Type>
            <Target_Directory/>
            <SQLStatement/>
            <ReleaseNo/>
            <Processing>N</Processing>
            <Processed>N</Processed>
            <Name2/>
            <Line>140</Line>
            <AD_Workbench_ID reference="id"/>
            <AD_Table_ID reference="id"/>
            <AD_ReportView_ID reference="id"/>
            <AD_Package_Exp_ID reference="uuid" reference-key="AD_Package_Exp">63c4370b-b6fb-47e1-9994-cfed8b0feca3</AD_Package_Exp_ID>
            <AD_Package_Code_New/>
            <AD_Package_Code_Old/>
            <AD_Val_Rule_ID reference="uuid" reference-key="AD_Val_Rule">e55d9a38-c56b-4f53-a98c-bf8da8f96596</AD_Val_Rule_ID>
            <AD_Message_ID reference="id"/>
            <AD_PrintFormat_ID reference="id"/>
            <AD_Reference_ID reference="id"/>
            <AD_ModelValidator_ID reference="id"/>
            <AD_EntityType_ID reference="id"/>
            <AD_Package_Exp_Detail_UU>c483beb9-8fa7-479b-852a-9c62c188e99a</AD_Package_Exp_Detail_UU>
        </AD_Package_Exp_Detail>
        <AD_Package_Exp_Detail type="table">
            <AD_Client_ID>0</AD_Client_ID>
            <AD_Org_ID>0</AD_Org_ID>
            <AD_Form_ID reference="id"/>
            <AD_ImpFormat_ID reference="id"/>
            <AD_Menu_ID reference="id"/>
            <AD_Process_ID reference="id"/>
            <AD_Role_ID reference="id">0</AD_Role_ID>
            <AD_Window_ID reference="id"/>
            <AD_Workflow_ID reference="id"/>
            <IsActive>Y</IsActive>
            <File_Directory/>
            <FileName/>
            <Destination_FileName/>
            <Destination_Directory/>
            <Description/>
            <DBType>ALL</DBType>
            <Type>V</Type>
            <Target_Directory/>
            <SQLStatement/>
            <ReleaseNo/>
            <Processing>N</Processing>
            <Processed>N</Processed>
            <Name2/>
            <Line>130</Line>
            <AD_Workbench_ID reference="id"/>
            <AD_Table_ID reference="id"/>
            <AD_ReportView_ID reference="id"/>
            <AD_Package_Exp_ID reference="uuid" reference-key="AD_Package_Exp">63c4370b-b6fb-47e1-9994-cfed8b0feca3</AD_Package_Exp_ID>
            <AD_Package_Code_New/>
            <AD_Package_Code_Old/>
            <AD_Val_Rule_ID reference="uuid" reference-key="AD_Val_Rule">4975a42f-b4e4-4510-8b14-f4dddc1608fc</AD_Val_Rule_ID>
            <AD_Message_ID reference="id"/>
            <AD_PrintFormat_ID reference="id"/>
            <AD_Reference_ID reference="id"/>
            <AD_ModelValidator_ID reference="id"/>
            <AD_EntityType_ID reference="id"/>
            <AD_Package_Exp_Detail_UU>6d2aef4c-95e9-4937-bea0-880b89cf4bfc</AD_Package_Exp_Detail_UU>
        </AD_Package_Exp_Detail>
        <AD_Package_Exp_Detail type="table">
            <AD_Client_ID>0</AD_Client_ID>
            <AD_Org_ID>0</AD_Org_ID>
            <AD_Form_ID reference="id"/>
            <AD_ImpFormat_ID reference="id"/>
            <AD_Menu_ID reference="id"/>
            <AD_Process_ID reference="id"/>
            <AD_Role_ID reference="id">0</AD_Role_ID>
            <AD_Window_ID reference="id"/>
            <AD_Workflow_ID reference="id"/>
            <IsActive>Y</IsActive>
            <File_Directory/>
            <FileName/>
            <Destination_FileName/>
            <Destination_Directory/>
            <Description/>
            <DBType>ALL</DBType>
            <Type>V</Type>
            <Target_Directory/>
            <SQLStatement/>
            <ReleaseNo/>
            <Processing>N</Processing>
            <Processed>N</Processed>
            <Name2/>
            <Line>120</Line>
            <AD_Workbench_ID reference="id"/>
            <AD_Table_ID reference="id"/>
            <AD_ReportView_ID reference="id"/>
            <AD_Package_Exp_ID reference="uuid" reference-key="AD_Package_Exp">63c4370b-b6fb-47e1-9994-cfed8b0feca3</AD_Package_Exp_ID>
            <AD_Package_Code_New/>
            <AD_Package_Code_Old/>
            <AD_Val_Rule_ID reference="uuid" reference-key="AD_Val_Rule">b31ba502-a31a-4c05-b3af-87755787fb32</AD_Val_Rule_ID>
            <AD_Message_ID reference="id"/>
            <AD_PrintFormat_ID reference="id"/>
            <AD_Reference_ID reference="id"/>
            <AD_ModelValidator_ID reference="id"/>
            <AD_EntityType_ID reference="id"/>
            <AD_Package_Exp_Detail_UU>77baaafb-2a30-4ca4-b7e6-052119bbd391</AD_Package_Exp_Detail_UU>
        </AD_Package_Exp_Detail>
        <AD_Package_Exp_Detail type="table">
            <AD_Client_ID>0</AD_Client_ID>
            <AD_Org_ID>0</AD_Org_ID>
            <AD_Form_ID reference="id"/>
            <AD_ImpFormat_ID reference="id"/>
            <AD_Menu_ID reference="id"/>
            <AD_Process_ID reference="id"/>
            <AD_Role_ID reference="id">0</AD_Role_ID>
            <AD_Window_ID reference="id"/>
            <AD_Workflow_ID reference="id"/>
            <IsActive>Y</IsActive>
            <File_Directory/>
            <FileName/>
            <Destination_FileName/>
            <Destination_Directory/>
            <Description/>
            <DBType>ALL</DBType>
            <Type>V</Type>
            <Target_Directory/>
            <SQLStatement/>
            <ReleaseNo/>
            <Processing>N</Processing>
            <Processed>N</Processed>
            <Name2/>
            <Line>110</Line>
            <AD_Workbench_ID reference="id"/>
            <AD_Table_ID reference="id"/>
            <AD_ReportView_ID reference="id"/>
            <AD_Package_Exp_ID reference="uuid" reference-key="AD_Package_Exp">63c4370b-b6fb-47e1-9994-cfed8b0feca3</AD_Package_Exp_ID>
            <AD_Package_Code_New/>
            <AD_Package_Code_Old/>
            <AD_Val_Rule_ID reference="uuid" reference-key="AD_Val_Rule">c73fab19-1066-4e9d-a98e-60579847ba1c</AD_Val_Rule_ID>
            <AD_Message_ID reference="id"/>
            <AD_PrintFormat_ID reference="id"/>
            <AD_Reference_ID reference="id"/>
            <AD_ModelValidator_ID reference="id"/>
            <AD_EntityType_ID reference="id"/>
            <AD_Package_Exp_Detail_UU>f001c63d-d301-448f-9fe2-b6c04b9a4841</AD_Package_Exp_Detail_UU>
        </AD_Package_Exp_Detail>
        <AD_Package_Exp_Detail type="table">
            <AD_Client_ID>0</AD_Client_ID>
            <AD_Org_ID>0</AD_Org_ID>
            <AD_Form_ID reference="id"/>
            <AD_ImpFormat_ID reference="id"/>
            <AD_Menu_ID reference="id"/>
            <AD_Process_ID reference="id"/>
            <AD_Role_ID reference="id">0</AD_Role_ID>
            <AD_Window_ID reference="id"/>
            <AD_Workflow_ID reference="id"/>
            <IsActive>Y</IsActive>
            <File_Directory/>
            <FileName/>
            <Destination_FileName/>
            <Destination_Directory/>
            <Description/>
            <DBType>ALL</DBType>
            <Type>V</Type>
            <Target_Directory/>
            <SQLStatement/>
            <ReleaseNo/>
            <Processing>N</Processing>
            <Processed>N</Processed>
            <Name2/>
            <Line>100</Line>
            <AD_Workbench_ID reference="id"/>
            <AD_Table_ID reference="id"/>
            <AD_ReportView_ID reference="id"/>
            <AD_Package_Exp_ID reference="uuid" reference-key="AD_Package_Exp">63c4370b-b6fb-47e1-9994-cfed8b0feca3</AD_Package_Exp_ID>
            <AD_Package_Code_New/>
            <AD_Package_Code_Old/>
            <AD_Val_Rule_ID reference="uuid" reference-key="AD_Val_Rule">3a48801c-3985-4839-b84c-68f630c3f27c</AD_Val_Rule_ID>
            <AD_Message_ID reference="id"/>
            <AD_PrintFormat_ID reference="id"/>
            <AD_Reference_ID reference="id"/>
            <AD_ModelValidator_ID reference="id"/>
            <AD_EntityType_ID reference="id"/>
            <AD_Package_Exp_Detail_UU>3bb7bfce-5d24-48fc-bd25-bd6b12437124</AD_Package_Exp_Detail_UU>
        </AD_Package_Exp_Detail>
        <AD_Package_Exp_Detail type="table">
            <AD_Client_ID>0</AD_Client_ID>
            <AD_Org_ID>0</AD_Org_ID>
            <AD_Form_ID reference="id"/>
            <AD_ImpFormat_ID reference="id"/>
            <AD_Menu_ID reference="id"/>
            <AD_Process_ID reference="id"/>
            <AD_Role_ID reference="id">0</AD_Role_ID>
            <AD_Window_ID reference="id"/>
            <AD_Workflow_ID reference="id"/>
            <IsActive>Y</IsActive>
            <File_Directory/>
            <FileName/>
            <Destination_FileName/>
            <Destination_Directory/>
            <Description/>
            <DBType>ALL</DBType>
            <Type>V</Type>
            <Target_Directory/>
            <SQLStatement/>
            <ReleaseNo/>
            <Processing>N</Processing>
            <Processed>N</Processed>
            <Name2/>
            <Line>90</Line>
            <AD_Workbench_ID reference="id"/>
            <AD_Table_ID reference="id"/>
            <AD_ReportView_ID reference="id"/>
            <AD_Package_Exp_ID reference="uuid" reference-key="AD_Package_Exp">63c4370b-b6fb-47e1-9994-cfed8b0feca3</AD_Package_Exp_ID>
            <AD_Package_Code_New/>
            <AD_Package_Code_Old/>
            <AD_Val_Rule_ID reference="uuid" reference-key="AD_Val_Rule">9e4ca35d-b97c-41e0-b89a-d5d5b8679fd9</AD_Val_Rule_ID>
            <AD_Message_ID reference="id"/>
            <AD_PrintFormat_ID reference="id"/>
            <AD_Reference_ID reference="id"/>
            <AD_ModelValidator_ID reference="id"/>
            <AD_EntityType_ID reference="id"/>
            <AD_Package_Exp_Detail_UU>c070230a-e06d-4ebf-a8f6-bbeacc42f7f0</AD_Package_Exp_Detail_UU>
        </AD_Package_Exp_Detail>
        <AD_Package_Exp_Detail type="table">
            <AD_Client_ID>0</AD_Client_ID>
            <AD_Org_ID>0</AD_Org_ID>
            <AD_Form_ID reference="id"/>
            <AD_ImpFormat_ID reference="id"/>
            <AD_Menu_ID reference="id"/>
            <AD_Process_ID reference="id"/>
            <AD_Role_ID reference="id">0</AD_Role_ID>
            <AD_Window_ID reference="id"/>
            <AD_Workflow_ID reference="id"/>
            <IsActive>Y</IsActive>
            <File_Directory/>
            <FileName/>
            <Destination_FileName/>
            <Destination_Directory/>
            <Description/>
            <DBType>ALL</DBType>
            <Type>V</Type>
            <Target_Directory/>
            <SQLStatement/>
            <ReleaseNo/>
            <Processing>N</Processing>
            <Processed>N</Processed>
            <Name2/>
            <Line>80</Line>
            <AD_Workbench_ID reference="id"/>
            <AD_Table_ID reference="id"/>
            <AD_ReportView_ID reference="id"/>
            <AD_Package_Exp_ID reference="uuid" reference-key="AD_Package_Exp">63c4370b-b6fb-47e1-9994-cfed8b0feca3</AD_Package_Exp_ID>
            <AD_Package_Code_New/>
            <AD_Package_Code_Old/>
            <AD_Val_Rule_ID reference="uuid" reference-key="AD_Val_Rule">18d50036-6695-45c9-afe4-c4f7c0a91ae8</AD_Val_Rule_ID>
            <AD_Message_ID reference="id"/>
            <AD_PrintFormat_ID reference="id"/>
            <AD_Reference_ID reference="id"/>
            <AD_ModelValidator_ID reference="id"/>
            <AD_EntityType_ID reference="id"/>
            <AD_Package_Exp_Detail_UU>38cd96f5-7e69-4634-8cd9-52af955f7859</AD_Package_Exp_Detail_UU>
        </AD_Package_Exp_Detail>
        <AD_Package_Exp_Detail type="table">
            <AD_Client_ID>0</AD_Client_ID>
            <AD_Org_ID>0</AD_Org_ID>
            <AD_Form_ID reference="id"/>
            <AD_ImpFormat_ID reference="id"/>
            <AD_Menu_ID reference="id"/>
            <AD_Process_ID reference="id"/>
            <AD_Role_ID reference="id">0</AD_Role_ID>
            <AD_Window_ID reference="id"/>
            <AD_Workflow_ID reference="id"/>
            <IsActive>Y</IsActive>
            <File_Directory/>
            <FileName/>
            <Destination_FileName/>
            <Destination_Directory/>
            <Description/>
            <DBType>ALL</DBType>
            <Type>V</Type>
            <Target_Directory/>
            <SQLStatement/>
            <ReleaseNo/>
            <Processing>N</Processing>
            <Processed>N</Processed>
            <Name2/>
            <Line>70</Line>
            <AD_Workbench_ID reference="id"/>
            <AD_Table_ID reference="id"/>
            <AD_ReportView_ID reference="id"/>
            <AD_Package_Exp_ID reference="uuid" reference-key="AD_Package_Exp">63c4370b-b6fb-47e1-9994-cfed8b0feca3</AD_Package_Exp_ID>
            <AD_Package_Code_New/>
            <AD_Package_Code_Old/>
            <AD_Val_Rule_ID reference="uuid" reference-key="AD_Val_Rule">40552fa3-e2f6-4762-8233-d533f733c497</AD_Val_Rule_ID>
            <AD_Message_ID reference="id"/>
            <AD_PrintFormat_ID reference="id"/>
            <AD_Reference_ID reference="id"/>
            <AD_ModelValidator_ID reference="id"/>
            <AD_EntityType_ID reference="id"/>
            <AD_Package_Exp_Detail_UU>0e38ed77-1c90-4413-9c0d-e91c0c18602e</AD_Package_Exp_Detail_UU>
        </AD_Package_Exp_Detail>
        <AD_Package_Exp_Detail type="table">
            <AD_Client_ID>0</AD_Client_ID>
            <AD_Org_ID>0</AD_Org_ID>
            <AD_Form_ID reference="id"/>
            <AD_ImpFormat_ID reference="id"/>
            <AD_Menu_ID reference="id"/>
            <AD_Process_ID reference="id"/>
            <AD_Role_ID reference="id">0</AD_Role_ID>
            <AD_Window_ID reference="id"/>
            <AD_Workflow_ID reference="id"/>
            <IsActive>Y</IsActive>
            <File_Directory/>
            <FileName/>
            <Destination_FileName/>
            <Destination_Directory/>
            <Description/>
            <DBType>ALL</DBType>
            <Type>V</Type>
            <Target_Directory/>
            <SQLStatement/>
            <ReleaseNo/>
            <Processing>N</Processing>
            <Processed>N</Processed>
            <Name2/>
            <Line>60</Line>
            <AD_Workbench_ID reference="id"/>
            <AD_Table_ID reference="id"/>
            <AD_ReportView_ID reference="id"/>
            <AD_Package_Exp_ID reference="uuid" reference-key="AD_Package_Exp">63c4370b-b6fb-47e1-9994-cfed8b0feca3</AD_Package_Exp_ID>
            <AD_Package_Code_New/>
            <AD_Package_Code_Old/>
            <AD_Val_Rule_ID reference="uuid" reference-key="AD_Val_Rule">69934aaa-8b6a-4e65-ab25-6a312155c2db</AD_Val_Rule_ID>
            <AD_Message_ID reference="id"/>
            <AD_PrintFormat_ID reference="id"/>
            <AD_Reference_ID reference="id"/>
            <AD_ModelValidator_ID reference="id"/>
            <AD_EntityType_ID reference="id"/>
            <AD_Package_Exp_Detail_UU>0f393792-5fae-4732-a70e-017e5a07feb9</AD_Package_Exp_Detail_UU>
        </AD_Package_Exp_Detail>
        <AD_Package_Exp_Detail type="table">
            <AD_Client_ID>0</AD_Client_ID>
            <AD_Org_ID>0</AD_Org_ID>
            <AD_Form_ID reference="uuid" reference-key="AD_Form">06c58d90-b8e4-473c-ae46-b43fd9d50617</AD_Form_ID>
            <AD_ImpFormat_ID reference="id"/>
            <AD_Menu_ID reference="id"/>
            <AD_Process_ID reference="id"/>
            <AD_Role_ID reference="id">0</AD_Role_ID>
            <AD_Window_ID reference="id"/>
            <AD_Workflow_ID reference="id"/>
            <IsActive>Y</IsActive>
            <File_Directory/>
            <FileName/>
            <Destination_FileName/>
            <Destination_Directory/>
            <Description/>
            <DBType>ALL</DBType>
            <Type>X</Type>
            <Target_Directory/>
            <SQLStatement/>
            <ReleaseNo/>
            <Processing>N</Processing>
            <Processed>N</Processed>
            <Name2/>
            <Line>50</Line>
            <AD_Workbench_ID reference="id"/>
            <AD_Table_ID reference="id"/>
            <AD_ReportView_ID reference="id"/>
            <AD_Package_Exp_ID reference="uuid" reference-key="AD_Package_Exp">63c4370b-b6fb-47e1-9994-cfed8b0feca3</AD_Package_Exp_ID>
            <AD_Package_Code_New/>
            <AD_Package_Code_Old/>
            <AD_Val_Rule_ID reference="id"/>
            <AD_Message_ID reference="id"/>
            <AD_PrintFormat_ID reference="id"/>
            <AD_Reference_ID reference="id"/>
            <AD_ModelValidator_ID reference="id"/>
            <AD_EntityType_ID reference="id"/>
            <AD_Package_Exp_Detail_UU>e32cbe10-86ed-49dc-95e6-45bfd42c7391</AD_Package_Exp_Detail_UU>
        </AD_Package_Exp_Detail>
        <AD_Package_Exp_Detail type="table">
            <AD_Client_ID>0</AD_Client_ID>
            <AD_Org_ID>0</AD_Org_ID>
            <AD_Form_ID reference="id"/>
            <AD_ImpFormat_ID reference="id"/>
            <AD_Menu_ID reference="id"/>
            <AD_Process_ID reference="id"/>
            <AD_Role_ID reference="id">0</AD_Role_ID>
            <AD_Window_ID reference="id"/>
            <AD_Workflow_ID reference="id"/>
            <IsActive>Y</IsActive>
            <File_Directory/>
            <FileName/>
            <Destination_FileName/>
            <Destination_Directory/>
            <Description/>
            <DBType>ALL</DBType>
            <Type>V</Type>
            <Target_Directory/>
            <SQLStatement/>
            <ReleaseNo/>
            <Processing>N</Processing>
            <Processed>N</Processed>
            <Name2/>
            <Line>210</Line>
            <AD_Workbench_ID reference="id"/>
            <AD_Table_ID reference="id"/>
            <AD_ReportView_ID reference="id"/>
            <AD_Package_Exp_ID reference="uuid" reference-key="AD_Package_Exp">63c4370b-b6fb-47e1-9994-cfed8b0feca3</AD_Package_Exp_ID>
            <AD_Package_Code_New/>
            <AD_Package_Code_Old/>
            <AD_Val_Rule_ID reference="uuid" reference-key="AD_Val_Rule">508f5532-3dae-4781-adf1-399a2625c38b</AD_Val_Rule_ID>
            <AD_Message_ID reference="id"/>
            <AD_PrintFormat_ID reference="id"/>
            <AD_Reference_ID reference="id"/>
            <AD_ModelValidator_ID reference="id"/>
            <AD_EntityType_ID reference="id"/>
            <AD_Package_Exp_Detail_UU>a6d10195-c784-43cf-a7b5-2e0b5a0fd08e</AD_Package_Exp_Detail_UU>
        </AD_Package_Exp_Detail>
        <AD_Package_Exp_Detail type="table">
            <AD_Client_ID>0</AD_Client_ID>
            <AD_Org_ID>0</AD_Org_ID>
            <AD_Form_ID reference="id"/>
            <AD_ImpFormat_ID reference="id"/>
            <AD_Menu_ID reference="id"/>
            <AD_Process_ID reference="id"/>
            <AD_Role_ID reference="id">0</AD_Role_ID>
            <AD_Window_ID reference="id"/>
            <AD_Workflow_ID reference="id"/>
            <IsActive>Y</IsActive>
            <File_Directory/>
            <FileName/>
            <Destination_FileName/>
            <Destination_Directory/>
            <Description/>
            <DBType>ALL</DBType>
            <Type>V</Type>
            <Target_Directory/>
            <SQLStatement/>
            <ReleaseNo/>
            <Processing>N</Processing>
            <Processed>N</Processed>
            <Name2/>
            <Line>220</Line>
            <AD_Workbench_ID reference="id"/>
            <AD_Table_ID reference="id"/>
            <AD_ReportView_ID reference="id"/>
            <AD_Package_Exp_ID reference="uuid" reference-key="AD_Package_Exp">63c4370b-b6fb-47e1-9994-cfed8b0feca3</AD_Package_Exp_ID>
            <AD_Package_Code_New/>
            <AD_Package_Code_Old/>
            <AD_Val_Rule_ID reference="uuid" reference-key="AD_Val_Rule">dc92ff74-4a32-435a-b0c5-2b0325bf893d</AD_Val_Rule_ID>
            <AD_Message_ID reference="id"/>
            <AD_PrintFormat_ID reference="id"/>
            <AD_Reference_ID reference="id"/>
            <AD_ModelValidator_ID reference="id"/>
            <AD_EntityType_ID reference="id"/>
            <AD_Package_Exp_Detail_UU>10d4336b-4b51-4e74-a503-3a8aa7bc657b</AD_Package_Exp_Detail_UU>
        </AD_Package_Exp_Detail>
        <AD_Package_Exp_Detail type="table">
            <AD_Client_ID>0</AD_Client_ID>
            <AD_Org_ID>0</AD_Org_ID>
            <AD_Form_ID reference="id"/>
            <AD_ImpFormat_ID reference="id"/>
            <AD_Menu_ID reference="id"/>
            <AD_Process_ID reference="id"/>
            <AD_Role_ID reference="id">0</AD_Role_ID>
            <AD_Window_ID reference="id"/>
            <AD_Workflow_ID reference="id"/>
            <IsActive>Y</IsActive>
            <File_Directory/>
            <FileName/>
            <Destination_FileName/>
            <Destination_Directory/>
            <Description/>
            <DBType>ALL</DBType>
            <Type>MSG</Type>
            <Target_Directory/>
            <SQLStatement/>
            <ReleaseNo/>
            <Processing>N</Processing>
            <Processed>N</Processed>
            <Name2/>
            <Line>231</Line>
            <AD_Workbench_ID reference="id"/>
            <AD_Table_ID reference="id"/>
            <AD_ReportView_ID reference="id"/>
            <AD_Package_Exp_ID reference="uuid" reference-key="AD_Package_Exp">63c4370b-b6fb-47e1-9994-cfed8b0feca3</AD_Package_Exp_ID>
            <AD_Package_Code_New/>
            <AD_Package_Code_Old/>
            <AD_Val_Rule_ID reference="id"/>
            <AD_Message_ID reference="uuid" reference-key="AD_Message">55dcbdb2-0ca5-44ef-a88b-0c5abe6a0036</AD_Message_ID>
            <AD_PrintFormat_ID reference="id"/>
            <AD_Reference_ID reference="id"/>
            <AD_ModelValidator_ID reference="id"/>
            <AD_EntityType_ID reference="id"/>
            <AD_Package_Exp_Detail_UU>1a5252fd-21ef-4b24-b60e-2b2d188a98e4</AD_Package_Exp_Detail_UU>
        </AD_Package_Exp_Detail>
        <AD_Package_Exp_Detail type="table">
            <AD_Client_ID>0</AD_Client_ID>
            <AD_Org_ID>0</AD_Org_ID>
            <AD_Form_ID reference="id"/>
            <AD_ImpFormat_ID reference="id"/>
            <AD_Menu_ID reference="id"/>
            <AD_Process_ID reference="id"/>
            <AD_Role_ID reference="id">0</AD_Role_ID>
            <AD_Window_ID reference="id"/>
            <AD_Workflow_ID reference="id"/>
            <IsActive>Y</IsActive>
            <File_Directory/>
            <FileName/>
            <Destination_FileName/>
            <Destination_Directory/>
            <Description/>
            <DBType>ALL</DBType>
            <Type>MSG</Type>
            <Target_Directory/>
            <SQLStatement/>
            <ReleaseNo/>
            <Processing>N</Processing>
            <Processed>N</Processed>
            <Name2/>
            <Line>231</Line>
            <AD_Workbench_ID reference="id"/>
            <AD_Table_ID reference="id"/>
            <AD_ReportView_ID reference="id"/>
            <AD_Package_Exp_ID reference="uuid" reference-key="AD_Package_Exp">63c4370b-b6fb-47e1-9994-cfed8b0feca3</AD_Package_Exp_ID>
            <AD_Package_Code_New/>
            <AD_Package_Code_Old/>
            <AD_Val_Rule_ID reference="id"/>
            <AD_Message_ID reference="uuid" reference-key="AD_Message">5611fdb4-5f19-4159-a5e0-313cbe4d321d</AD_Message_ID>
            <AD_PrintFormat_ID reference="id"/>
            <AD_Reference_ID reference="id"/>
            <AD_ModelValidator_ID reference="id"/>
            <AD_EntityType_ID reference="id"/>
            <AD_Package_Exp_Detail_UU>f84d6600-6a5b-49bb-8c25-6c73cfaa1638</AD_Package_Exp_Detail_UU>
        </AD_Package_Exp_Detail>
        <AD_Package_Exp_Detail type="table">
            <AD_Client_ID>0</AD_Client_ID>
            <AD_Org_ID>0</AD_Org_ID>
            <AD_Form_ID reference="id"/>
            <AD_ImpFormat_ID reference="id"/>
            <AD_Menu_ID reference="id"/>
            <AD_Process_ID reference="id"/>
            <AD_Role_ID reference="id">0</AD_Role_ID>
            <AD_Window_ID reference="id"/>
            <AD_Workflow_ID reference="id"/>
            <IsActive>Y</IsActive>
            <File_Directory/>
            <FileName/>
            <Destination_FileName/>
            <Destination_Directory/>
            <Description/>
            <DBType>ALL</DBType>
            <Type>MSG</Type>
            <Target_Directory/>
            <SQLStatement/>
            <ReleaseNo/>
            <Processing>N</Processing>
            <Processed>N</Processed>
            <Name2/>
            <Line>232</Line>
            <AD_Workbench_ID reference="id"/>
            <AD_Table_ID reference="id"/>
            <AD_ReportView_ID reference="id"/>
            <AD_Package_Exp_ID reference="uuid" reference-key="AD_Package_Exp">63c4370b-b6fb-47e1-9994-cfed8b0feca3</AD_Package_Exp_ID>
            <AD_Package_Code_New/>
            <AD_Package_Code_Old/>
            <AD_Val_Rule_ID reference="id"/>
            <AD_Message_ID reference="uuid" reference-key="AD_Message">4f50f9db-242e-4ef1-842d-5f49ab20a811</AD_Message_ID>
            <AD_PrintFormat_ID reference="id"/>
            <AD_Reference_ID reference="id"/>
            <AD_ModelValidator_ID reference="id"/>
            <AD_EntityType_ID reference="id"/>
            <AD_Package_Exp_Detail_UU>6a023e51-2f17-464c-a64e-2b86a15e1e71</AD_Package_Exp_Detail_UU>
        </AD_Package_Exp_Detail>
        <AD_Package_Exp_Detail type="table">
            <AD_Client_ID>0</AD_Client_ID>
            <AD_Org_ID>0</AD_Org_ID>
            <AD_Form_ID reference="id"/>
            <AD_ImpFormat_ID reference="id"/>
            <AD_Menu_ID reference="id"/>
            <AD_Process_ID reference="id"/>
            <AD_Role_ID reference="id">0</AD_Role_ID>
            <AD_Window_ID reference="id"/>
            <AD_Workflow_ID reference="id"/>
            <IsActive>Y</IsActive>
            <File_Directory/>
            <FileName/>
            <Destination_FileName/>
            <Destination_Directory/>
            <Description/>
            <DBType>ALL</DBType>
            <Type>MSG</Type>
            <Target_Directory/>
            <SQLStatement/>
            <ReleaseNo/>
            <Processing>N</Processing>
            <Processed>N</Processed>
            <Name2/>
            <Line>233</Line>
            <AD_Workbench_ID reference="id"/>
            <AD_Table_ID reference="id"/>
            <AD_ReportView_ID reference="id"/>
            <AD_Package_Exp_ID reference="uuid" reference-key="AD_Package_Exp">63c4370b-b6fb-47e1-9994-cfed8b0feca3</AD_Package_Exp_ID>
            <AD_Package_Code_New/>
            <AD_Package_Code_Old/>
            <AD_Val_Rule_ID reference="id"/>
            <AD_Message_ID reference="uuid" reference-key="AD_Message">7a5840ed-a042-4bf2-bb4c-9d15bf028f2f</AD_Message_ID>
            <AD_PrintFormat_ID reference="id"/>
            <AD_Reference_ID reference="id"/>
            <AD_ModelValidator_ID reference="id"/>
            <AD_EntityType_ID reference="id"/>
            <AD_Package_Exp_Detail_UU>1e4bc67b-5b61-407c-b929-c687f63d0f58</AD_Package_Exp_Detail_UU>
        </AD_Package_Exp_Detail>
        <AD_Package_Exp_Detail type="table">
            <AD_Client_ID>0</AD_Client_ID>
            <AD_Org_ID>0</AD_Org_ID>
            <AD_Form_ID reference="id"/>
            <AD_ImpFormat_ID reference="id"/>
            <AD_Menu_ID reference="id"/>
            <AD_Process_ID reference="id"/>
            <AD_Role_ID reference="id">0</AD_Role_ID>
            <AD_Window_ID reference="id"/>
            <AD_Workflow_ID reference="id"/>
            <IsActive>Y</IsActive>
            <File_Directory/>
            <FileName/>
            <Destination_FileName/>
            <Destination_Directory/>
            <Description/>
            <DBType>ALL</DBType>
            <Type>MSG</Type>
            <Target_Directory/>
            <SQLStatement/>
            <ReleaseNo/>
            <Processing>N</Processing>
            <Processed>N</Processed>
            <Name2/>
            <Line>234</Line>
            <AD_Workbench_ID reference="id"/>
            <AD_Table_ID reference="id"/>
            <AD_ReportView_ID reference="id"/>
            <AD_Package_Exp_ID reference="uuid" reference-key="AD_Package_Exp">63c4370b-b6fb-47e1-9994-cfed8b0feca3</AD_Package_Exp_ID>
            <AD_Package_Code_New/>
            <AD_Package_Code_Old/>
            <AD_Val_Rule_ID reference="id"/>
            <AD_Message_ID reference="uuid" reference-key="AD_Message">59dade78-a166-4d76-8f75-bcfa65085999</AD_Message_ID>
            <AD_PrintFormat_ID reference="id"/>
            <AD_Reference_ID reference="id"/>
            <AD_ModelValidator_ID reference="id"/>
            <AD_EntityType_ID reference="id"/>
            <AD_Package_Exp_Detail_UU>39b948c2-2871-48d3-8771-389294af75cb</AD_Package_Exp_Detail_UU>
        </AD_Package_Exp_Detail>
        <AD_Package_Exp_Detail type="table">
            <AD_Client_ID>0</AD_Client_ID>
            <AD_Org_ID>0</AD_Org_ID>
            <AD_Form_ID reference="id"/>
            <AD_ImpFormat_ID reference="id"/>
            <AD_Menu_ID reference="id"/>
            <AD_Process_ID reference="id"/>
            <AD_Role_ID reference="id">0</AD_Role_ID>
            <AD_Window_ID reference="id"/>
            <AD_Workflow_ID reference="id"/>
            <IsActive>Y</IsActive>
            <File_Directory/>
            <FileName/>
            <Destination_FileName/>
            <Destination_Directory/>
            <Description/>
            <DBType>ALL</DBType>
            <Type>MV</Type>
            <Target_Directory/>
            <SQLStatement/>
            <ReleaseNo/>
            <Processing>N</Processing>
            <Processed>N</Processed>
            <Name2/>
            <Line>235</Line>
            <AD_Workbench_ID reference="id"/>
            <AD_Table_ID reference="id"/>
            <AD_ReportView_ID reference="id"/>
            <AD_Package_Exp_ID reference="uuid" reference-key="AD_Package_Exp">63c4370b-b6fb-47e1-9994-cfed8b0feca3</AD_Package_Exp_ID>
            <AD_Package_Code_New/>
            <AD_Package_Code_Old/>
            <AD_Val_Rule_ID reference="id"/>
            <AD_Message_ID reference="id"/>
            <AD_PrintFormat_ID reference="id"/>
            <AD_Reference_ID reference="id"/>
            <AD_ModelValidator_ID reference="uuid" reference-key="AD_ModelValidator">407568a5-ed35-4133-87e0-6f74bf314e87</AD_ModelValidator_ID>
            <AD_EntityType_ID reference="id"/>
            <AD_Package_Exp_Detail_UU>125730f4-bf58-45dc-9071-6b8ad493b7f2</AD_Package_Exp_Detail_UU>
        </AD_Package_Exp_Detail>
    </AD_Package_Exp>
</idempiere>
