<?xml version="1.0" encoding="UTF-8"?><idempiere Name="Mensajes" Version="1.0.0" idempiereVersion="" DataBaseVersion="" Description="" Author="" AuthorEmail="argenismrvel@gmail.com" CreatedDate="2020-01-22 20:59:55.068" UpdatedDate="2020-01-22 22:45:05.543" PackOutVersion="100" UpdateDictionary="false" Client="0-SYSTEM-System" AD_Client_UU="11237b53-9592-4af1-b3c5-afd216514b5d">
    <AD_Message type="table">
        <AD_Client_ID>0</AD_Client_ID>
        <AD_Org_ID>0</AD_Org_ID>
        <MsgType>I</MsgType>
        <MsgText>Complete Reception</MsgText>
        <MsgTip/>
        <IsActive>Y</IsActive>
        <Value>Complete.Receipt</Value>
        <EntityType>FTU01</EntityType>
        <AD_Message_UU>45169273-841b-4e24-b552-06bf529d8e6d</AD_Message_UU>
        <AD_Message_Trl type="translation">
            <MsgText>Completar Recepción</MsgText>
            <MsgTip/>
            <AD_Language>es_CO</AD_Language>
            <IsActive>Y</IsActive>
            <IsTranslated>N</IsTranslated>
        </AD_Message_Trl>
    </AD_Message>
    <AD_Message type="table">
        <AD_Client_ID>0</AD_Client_ID>
        <AD_Org_ID>0</AD_Org_ID>
        <MsgType>I</MsgType>
        <MsgText>Confirm Line of Receipt</MsgText>
        <MsgTip/>
        <IsActive>Y</IsActive>
        <Value>Confirm.Line.Receipt</Value>
        <EntityType>FTU01</EntityType>
        <AD_Message_UU>11d5c69c-f1c2-4c01-9217-8b50cc6cab59</AD_Message_UU>
        <AD_Message_Trl type="translation">
            <MsgText>Confirmar Línea de Recepción</MsgText>
            <MsgTip/>
            <AD_Language>es_CO</AD_Language>
            <IsActive>Y</IsActive>
            <IsTranslated>N</IsTranslated>
        </AD_Message_Trl>
    </AD_Message>
    <AD_Message type="table">
        <AD_Client_ID>0</AD_Client_ID>
        <AD_Org_ID>0</AD_Org_ID>
        <MsgType>I</MsgType>
        <MsgText>Confirm Receipt Consignment</MsgText>
        <MsgTip/>
        <IsActive>Y</IsActive>
        <Value>Confirm.Receipt</Value>
        <EntityType>FTU01</EntityType>
        <AD_Message_UU>cc5da734-51e5-4230-84db-3d9d9671e4d0</AD_Message_UU>
        <AD_Message_Trl type="translation">
            <MsgText>Confirmar Recepción de Consignación</MsgText>
            <MsgTip/>
            <AD_Language>es_CO</AD_Language>
            <IsActive>Y</IsActive>
            <IsTranslated>N</IsTranslated>
        </AD_Message_Trl>
    </AD_Message>
    <AD_Message type="table">
        <AD_Client_ID>0</AD_Client_ID>
        <AD_Org_ID>0</AD_Org_ID>
        <MsgType>I</MsgType>
        <MsgText>Confirmed Lines {0} Unconfirmed Lines {1}</MsgText>
        <MsgTip/>
        <IsActive>Y</IsActive>
        <Value>Number.Lines</Value>
        <EntityType>FTU01</EntityType>
        <AD_Message_UU>14d6bbb1-a02c-4f26-b804-fdcc64c02300</AD_Message_UU>
        <AD_Message_Trl type="translation">
            <MsgText>Líneas Confirmadas {0} Líneas sin Confirmar {1}</MsgText>
            <MsgTip/>
            <AD_Language>es_CO</AD_Language>
            <IsActive>Y</IsActive>
            <IsTranslated>N</IsTranslated>
        </AD_Message_Trl>
    </AD_Message>
    <AD_Message type="table">
        <AD_Client_ID>0</AD_Client_ID>
        <AD_Org_ID>0</AD_Org_ID>
        <MsgType>I</MsgType>
        <MsgText>Receipt Completed</MsgText>
        <MsgTip/>
        <IsActive>Y</IsActive>
        <Value>Receipt.Completed</Value>
        <EntityType>FTU01</EntityType>
        <AD_Message_UU>d9eade70-ea4f-4200-a444-6c421c6fe84a</AD_Message_UU>
        <AD_Message_Trl type="translation">
            <MsgText>Recepción Completada</MsgText>
            <MsgTip/>
            <AD_Language>es_CO</AD_Language>
            <IsActive>Y</IsActive>
            <IsTranslated>N</IsTranslated>
        </AD_Message_Trl>
    </AD_Message>
    <AD_Message type="table">
        <AD_Client_ID>0</AD_Client_ID>
        <AD_Org_ID>0</AD_Org_ID>
        <MsgType>I</MsgType>
        <MsgText>The confirmed quantity is greater than the quantity according to delivery note {0} &gt; {1}</MsgText>
        <MsgTip/>
        <IsActive>Y</IsActive>
        <Value>Qty.Invalid</Value>
        <EntityType>FTU01</EntityType>
        <AD_Message_UU>fa0f23d8-87c8-4e50-8baf-77e20b0bc7e4</AD_Message_UU>
        <AD_Message_Trl type="translation">
            <MsgText>La cantidad confirmada es mayor que la cantidad según nota de entrega  {0} &gt; {1}</MsgText>
            <MsgTip/>
            <AD_Language>es_CO</AD_Language>
            <IsActive>Y</IsActive>
            <IsTranslated>N</IsTranslated>
        </AD_Message_Trl>
    </AD_Message>
</idempiere>
