<?xml version="1.0" encoding="UTF-8"?><idempiere Name="C_DocType" Version="1.0.0" idempiereVersion="3.1.0.qualifier" DataBaseVersion="2015-10-31" Description="" Author="SuperUser" AuthorEmail="superuser @ idempiere.com" CreatedDate="Sun Jan 19 20:58:06 VET 2020" UpdatedDate="Sun Jan 19 20:58:06 VET 2020" PackOutVersion="100" UpdateDictionary="true" Client="11-GardenWorld-GardenWorld" AD_Client_UU="3268b9a8-10d8-466d-96e5-aa01166408fa">
    <C_DocType type="table">
        <AD_Org_ID>0</AD_Org_ID>
        <IsActive>Y</IsActive>
        <Name>Orden de Compra (Consignación)</Name>
        <Description/>
        <IsDocNoControlled>Y</IsDocNoControlled>
        <DocNoSequence_ID reference="id">381</DocNoSequence_ID>
        <GL_Category_ID reference="id">0</GL_Category_ID>
        <PrintName>Orden de Compra (Consignación)</PrintName>
        <DocBaseType>POO</DocBaseType>
        <DocumentNote/>
        <DocSubTypeSO/>
        <HasCharges>N</HasCharges>
        <HasProforma>N</HasProforma>
        <C_DocTypeProforma_ID reference="id"/>
        <C_DocTypeShipment_ID reference="id"/>
        <C_DocTypeInvoice_ID reference="id"/>
        <IsDefault>Y</IsDefault>
        <DocumentCopies>0</DocumentCopies>
        <IsSOTrx>N</IsSOTrx>
        <AD_PrintFormat_ID reference="id"/>
        <IsDefaultCounterDoc>Y</IsDefaultCounterDoc>
        <IsPickQAConfirm>N</IsPickQAConfirm>
        <IsShipConfirm>N</IsShipConfirm>
        <IsInTransit>N</IsInTransit>
        <C_DocTypeDifference_ID reference="id"/>
        <IsSplitWhenDifference>N</IsSplitWhenDifference>
        <IsCreateCounter>Y</IsCreateCounter>
        <IsIndexed>Y</IsIndexed>
        <IsOverwriteSeqOnComplete>N</IsOverwriteSeqOnComplete>
        <DefiniteSequence_ID reference="id"/>
        <IsOverwriteDateOnComplete>N</IsOverwriteDateOnComplete>
        <IsPrepareSplitDocument>Y</IsPrepareSplitDocument>
        <C_DocType_UU>ffabb2ed-c81c-4f58-a12a-694b3a8dbdab</C_DocType_UU>
        <IsChargeOrProductMandatory>N</IsChargeOrProductMandatory>
        <DocSubTypeInv/>
        <IsConsignmentDocument>Y</IsConsignmentDocument>
        <C_DocType_Trl type="translation">
            <DocumentNote/>
            <PrintName>Orden de Compra (Consignación)</PrintName>
            <Name>Orden de Compra (Consignación)</Name>
            <AD_Language>es_CO</AD_Language>
            <IsActive>Y</IsActive>
            <IsTranslated>Y</IsTranslated>
        </C_DocType_Trl>
    </C_DocType>
    <C_DocType type="table">
        <AD_Org_ID>0</AD_Org_ID>
        <IsActive>Y</IsActive>
        <Name>Recepción de Productos (Consignación)</Name>
        <Description/>
        <IsDocNoControlled>N</IsDocNoControlled>
        <DocNoSequence_ID reference="id"/>
        <GL_Category_ID reference="id">111</GL_Category_ID>
        <PrintName>Recepción de Productos (Consignación)</PrintName>
        <DocBaseType>MMR</DocBaseType>
        <DocumentNote/>
        <DocSubTypeSO/>
        <HasCharges>N</HasCharges>
        <HasProforma>N</HasProforma>
        <C_DocTypeProforma_ID reference="id"/>
        <C_DocTypeShipment_ID reference="id"/>
        <C_DocTypeInvoice_ID reference="id"/>
        <IsDefault>N</IsDefault>
        <DocumentCopies>0</DocumentCopies>
        <IsSOTrx>N</IsSOTrx>
        <AD_PrintFormat_ID reference="id"/>
        <IsDefaultCounterDoc>N</IsDefaultCounterDoc>
        <IsPickQAConfirm>N</IsPickQAConfirm>
        <IsShipConfirm>N</IsShipConfirm>
        <IsInTransit>N</IsInTransit>
        <C_DocTypeDifference_ID reference="id"/>
        <IsSplitWhenDifference>N</IsSplitWhenDifference>
        <IsCreateCounter>Y</IsCreateCounter>
        <IsIndexed>Y</IsIndexed>
        <IsOverwriteSeqOnComplete>N</IsOverwriteSeqOnComplete>
        <DefiniteSequence_ID reference="id"/>
        <IsOverwriteDateOnComplete>N</IsOverwriteDateOnComplete>
        <IsPrepareSplitDocument>Y</IsPrepareSplitDocument>
        <C_DocType_UU>77ea2b5c-2b61-45d3-a87a-a4c2e880ec1c</C_DocType_UU>
        <IsChargeOrProductMandatory>N</IsChargeOrProductMandatory>
        <DocSubTypeInv/>
        <IsConsignmentDocument>Y</IsConsignmentDocument>
        <C_DocType_Trl type="translation">
            <DocumentNote/>
            <PrintName>Recepción de Productos (Consignación)</PrintName>
            <Name>Recepción de Productos (Consignación)</Name>
            <AD_Language>es_CO</AD_Language>
            <IsActive>Y</IsActive>
            <IsTranslated>N</IsTranslated>
        </C_DocType_Trl>
    </C_DocType>
    <C_DocType type="table">
        <AD_Org_ID>0</AD_Org_ID>
        <IsActive>Y</IsActive>
        <Name>Movimiento de Material (Consignación)</Name>
        <Description/>
        <IsDocNoControlled>N</IsDocNoControlled>
        <DocNoSequence_ID reference="id"/>
        <GL_Category_ID reference="id">108</GL_Category_ID>
        <PrintName>Movimiento de Material (Consignación)</PrintName>
        <DocBaseType>MMM</DocBaseType>
        <DocumentNote/>
        <DocSubTypeSO/>
        <HasCharges>N</HasCharges>
        <HasProforma>N</HasProforma>
        <C_DocTypeProforma_ID reference="id"/>
        <C_DocTypeShipment_ID reference="id"/>
        <C_DocTypeInvoice_ID reference="id"/>
        <IsDefault>N</IsDefault>
        <DocumentCopies>0</DocumentCopies>
        <IsSOTrx>N</IsSOTrx>
        <AD_PrintFormat_ID reference="id"/>
        <IsDefaultCounterDoc>N</IsDefaultCounterDoc>
        <IsPickQAConfirm>N</IsPickQAConfirm>
        <IsShipConfirm>N</IsShipConfirm>
        <IsInTransit>N</IsInTransit>
        <C_DocTypeDifference_ID reference="id"/>
        <IsSplitWhenDifference>N</IsSplitWhenDifference>
        <IsCreateCounter>Y</IsCreateCounter>
        <IsIndexed>Y</IsIndexed>
        <IsOverwriteSeqOnComplete>N</IsOverwriteSeqOnComplete>
        <DefiniteSequence_ID reference="id"/>
        <IsOverwriteDateOnComplete>N</IsOverwriteDateOnComplete>
        <IsPrepareSplitDocument>Y</IsPrepareSplitDocument>
        <C_DocType_UU>d80598c0-4fd8-4c6a-9dc9-73202b4b6466</C_DocType_UU>
        <IsChargeOrProductMandatory>N</IsChargeOrProductMandatory>
        <DocSubTypeInv/>
        <IsConsignmentDocument>Y</IsConsignmentDocument>
        <C_DocType_Trl type="translation">
            <DocumentNote/>
            <PrintName>Movimiento de Material (Consignación)</PrintName>
            <Name>Movimiento de Material (Consignación)</Name>
            <AD_Language>es_CO</AD_Language>
            <IsActive>Y</IsActive>
            <IsTranslated>N</IsTranslated>
        </C_DocType_Trl>
    </C_DocType>
</idempiere>
